{"accuracy": 0.995, "precision": 0.985632183908046, "recall": 0.985632183908046, "f1_score": 0.985632183908046, "roc_auc": 0.9997286465725974, "confusion_matrix": [[1647, 5], [5, 343]]}