{"accuracy": 0.9955, "precision": 0.9884726224783862, "recall": 0.985632183908046, "f1_score": 0.9870503597122302, "roc_auc": 0.9998591049511564, "confusion_matrix": [[1648, 4], [5, 343]]}